id_usuario,nome_usuario
1000,Cliente_1
1001,Cliente_2
1002,Cliente_3
1003,Cliente_4
1004,Cliente_5
1005,Cliente_6
1006,Cliente_7
1007,Cliente_8
1008,Cliente_9
1009,Cliente_10
1010,Cliente_11
1011,Cliente_12
1012,Cliente_13
1013,Cliente_14
1014,Cliente_15
1015,Cliente_16
1016,Cliente_17
1017,Cliente_18
1018,Cliente_19
1019,Cliente_20
1020,Cliente_21
1021,Cliente_22
1022,Cliente_23
1023,Cliente_24
1024,Cliente_25
1025,Cliente_26
1026,Cliente_27
1027,Cliente_28
1028,Cliente_29
1029,Cliente_30
1030,Cliente_31
1031,Cliente_32
1032,Cliente_33
1033,Cliente_34
1034,Cliente_35
1035,Cliente_36
1036,Cliente_37
1037,Cliente_38
1038,Cliente_39
1039,Cliente_40
1040,Cliente_41
1041,Cliente_42
1042,Cliente_43
1043,Cliente_44
1044,Cliente_45
1045,Cliente_46
1046,Cliente_47
1047,Cliente_48
1048,Cliente_49
1049,Cliente_50
1050,Cliente_51
1051,Cliente_52
1052,Cliente_53
1053,Cliente_54
1054,Cliente_55
1055,Cliente_56
1056,Cliente_57
1057,Cliente_58
1058,Cliente_59
1059,Cliente_60
1060,Cliente_61
1061,Cliente_62
1062,Cliente_63
1063,Cliente_64
1064,Cliente_65
1065,Cliente_66
1066,Cliente_67
1067,Cliente_68
1068,Cliente_69
1069,Cliente_70
1070,Cliente_71
1071,Cliente_72
1072,Cliente_73
1073,Cliente_74
1074,Cliente_75
1075,Cliente_76
1076,Cliente_77
1077,Cliente_78
1078,Cliente_79
1079,Cliente_80
1080,Cliente_81
1081,Cliente_82
1082,Cliente_83
1083,Cliente_84
1084,Cliente_85
1085,Cliente_86
1086,Cliente_87
1087,Cliente_88
1088,Cliente_89
1089,Cliente_90
1090,Cliente_91
1091,Cliente_92
1092,Cliente_93
1093,Cliente_94
1094,Cliente_95
1095,Cliente_96
1096,Cliente_97
1097,Cliente_98
1098,Cliente_99
1099,Cliente_100
1100,Cliente_101
1101,Cliente_102
1102,Cliente_103
1103,Cliente_104
1104,Cliente_105
1105,Cliente_106
1106,Cliente_107
1107,Cliente_108
1108,Cliente_109
1109,Cliente_110
1110,Cliente_111
1111,Cliente_112
1112,Cliente_113
1113,Cliente_114
1114,Cliente_115
1115,Cliente_116
1116,Cliente_117
1117,Cliente_118
1118,Cliente_119
1119,Cliente_120
